MAE,RMSE,MMRE,PRED
4.092364060251336,5.910359850952605,3.7500591794550533,100.0
4.745814732142857,6.66932371505324,3.9900853528137423,100.0
6.889184915794517,11.135594942399266,3.798923703032968,99.50980392156863
9.429675507688236,13.144031389930062,6.0335096095179965,98.92183288409704
8.3837754591456,10.700200582535748,4.59048496510778,99.16142557651992
9.66987117874288,11.650204869033194,5.928244063336749,99.31506849315068
13.468749324253627,17.262121891448743,7.363283164600575,99.07773386034255
6.508625186219508,8.557587001999464,4.718853635165998,99.06651108518086
