MAE,RMSE,MMRE,PRED
5.676976612636021,7.956126810467692,6.7487410814776805,95.91836734693877
9.238479205540248,17.005418779920202,6.873036070259583,95.45454545454545
6.273644906503183,7.962284007197185,3.6780092255201993,96.63461538461539
10.861162174382859,17.41595760735944,7.291242100427731,96.02122015915118
8.517458620938388,10.90257355974103,4.714289059258046,96.91991786447639
10.261704210965139,12.940387640606758,6.220594115472132,97.47048903878583
15.385765953497453,19.278008183708767,9.250086092588251,97.00910273081924
7.852625873601325,10.468402300715354,5.878764399327312,97.26027397260275
