MAE,RMSE,MMRE
13.722114562988281,13.722114562988281,37.68745532225547
244.69275665283203,244.69275665283203,80.22713332879738
17.807758331298828,17.807758331298828,44.51939582824707
